food_code, ,Food commodity ITEM,Water Footprint liters water/kg o liter of food ITEM,Uncertainty    low  (L)  high (H),Suggested WF value,Food commodity TYPOLOGY,Water Footprint cc water/g o cc of food TYPOLOGY,Food commodity sub-TYPOLOGY,Water Footprint cc water/g o cc of food sub-TYPOLOGY
53415120,AGRICULTURAL PROCESSED,APPLE JUICE,1140.0,L,ok item,JUICE,1019.0,-,-
57135000,AGRICULTURAL PROCESSED,BARLEY FLAKES,1977.0,L,ok item,BREAKFAST CEREALS,2196.0,-,-
41100990,AGRICULTURAL PROCESSED,BEANS (F),801.0,L,ok item,VEGETABLES FROZEN,750.0,-,-
92410710,AGRICULTURAL PROCESSED,BEER*,155.0,H,item matching typology,BEER*,155.0,-,-
91101000,AGRICULTURAL PROCESSED,BEET SUGAR,865.0,L,ok item,SUGAR,1294.0,-,-
52403000,AGRICULTURAL PROCESSED,BREAD,667.0,L,ok item,BREAD,902.0,-,-
52403000,AGRICULTURAL PROCESSED,BREAD MULTICEREAL**,771.0,L,better typology,BREAD,902.0,-,-
27564020,AGRICULTURAL PROCESSED,BREAD PLAIN**,1031.0,L,ok item,BREAD,902.0,-,-
51301600,AGRICULTURAL PROCESSED,BREAD WHOLE**,887.0,L,ok item,BREAD,902.0,-,-
54319020,AGRICULTURAL PROCESSED,CAKES AND CROISSANT**,1640.0,L,ok item,SWEETS,2158.0,-,-
91300100,AGRICULTURAL PROCESSED,CANE MOLASSE,527.0,L,ok item,SUGAR,1294.0,-,-
91101000,AGRICULTURAL PROCESSED,CANE SUGAR,1724.0,L,ok item,SUGAR,1294.0,-,-
51000200,AGRICULTURAL PROCESSED,CASSAVA FLOUR,1878.0,L,ok item,STARCHY ROOT FLOUR,1657.0,-,-
52302600,AGRICULTURAL PROCESSED,CHOCOLATE,17196.0,L,ok item,COCOA DERIVATES,20717.0,-,-
53521210,AGRICULTURAL PROCESSED,CHOCOLATE OR CREAM FILLED COOKIES**,2902.0,L,ok item,BISCUITS,1870.0,-,-
11511100,AGRICULTURAL PROCESSED,COCOA BUTTER,33938.0,L,ok item,COCOA DERIVATES,20717.0,-,-
91705090,AGRICULTURAL PROCESSED,COCOA CAKES AND CROISSANT**,3468.0,L,ok item,SWEETS,2158.0,-,-
52302600,AGRICULTURAL PROCESSED,COCOA PASTE,24238.0,L,ok item,COCOA DERIVATES,20717.0,-,-
52302600,AGRICULTURAL PROCESSED,COCOA POWDER,15618.0,L,ok item,COCOA DERIVATES,20717.0,-,-
82101500,AGRICULTURAL PROCESSED,COCONUT OIL,4490.0,L,ok item,OIL,6792.0,-,-
12200100,AGRICULTURAL PROCESSED,COFFEE ROASTED,19956.0,H,item matching typology,COFFEE GROUND & PARCHMENT* (coffee roasted),19956.0,-,-
12200100,AGRICULTURAL PROCESSED,COFFEE SOLUBLE,640.0,H,better typology,COFFEE LIQUID,960.0,-,-
12200100,AGRICULTURAL PROCESSED,COFFEE STANDARD,1120.0,H,better typology,COFFEE LIQUID,960.0,-,-
12200100,AGRICULTURAL PROCESSED,COFFEE STRONG,1600.0,H,better typology,COFFEE LIQUID,960.0,-,-
12200100,AGRICULTURAL PROCESSED,COFFEE WEAK,800.0,H,better typology,COFFEE LIQUID,960.0,-,-
75216141,AGRICULTURAL PROCESSED,CORN CANNED,807.0,H,item matching typology,VEGETABLES CANNED,807.0,-,-
81302040,AGRICULTURAL PROCESSED,CRISPBREAD**,1423.0,L,item matching typology,CRISPBREAD**,1423.0,-,-
62113100,AGRICULTURAL PROCESSED,DRIED CASSAVA,1610.0,L,ok item,STARCHY TUBER,1523.0,-,-
58148120,AGRICULTURAL PROCESSED,EGG PASTA*,4637.0,H,item matching typology,EGG PASTA*,4637.0,-,-
54338020,AGRICULTURAL PROCESSED,FLAVORED CRACKERS**,1378.0,L,ok item,CRACKERS,1258.0,-,-
63100100,AGRICULTURAL PROCESSED,FRUCTOSE,1782.0,L,ok item,SUGAR,1294.0,-,-
61201220,AGRICULTURAL PROCESSED,GRAPEFRUIT JUICE,675.0,L,ok item,JUICE,1019.0,-,-
74401010,AGRICULTURAL PROCESSED,KETCHUP,534.0,L,ok item,DRESSING,572.0,-,-
82104000,AGRICULTURAL PROCESSED,LINSEED OIL,9415.0,L,ok item,OIL,6792.0,-,-
58160420,AGRICULTURAL PROCESSED,MAIZE FLOUR & MEAL,1167.0,L,ok item,GRAIN FLOUR,1889.0,-,-
75411020,AGRICULTURAL PROCESSED,MAIZE GROATS,1081.0,L,ok item,"PROCESSED GRAINS (grouts, malt)",2133.0,-,-
51401010,AGRICULTURAL PROCESSED,"MAIZE HULLED, PEARLED, SLICED OR KIBBLED",1314.0,L,ok item,"PROCESSED GRAINS (grouts, malt)",2133.0,-,-
75216137,AGRICULTURAL PROCESSED,MAIZE OIL,2575.0,L,ok item,OIL,6792.0,-,-
75411020,AGRICULTURAL PROCESSED,MAIZE STARCH,1671.0,L,ok item,STARCH,1591.0,-,-
57305170,AGRICULTURAL PROCESSED,MALT,1950.0,L,ok item,"PROCESSED GRAINS (grouts, malt)",2133.0,-,-
42116100,AGRICULTURAL PROCESSED,"MALT, ROASTED",2437.0,L,ok item,"PROCESSED GRAINS (grouts, malt)",2133.0,-,-
28150510,AGRICULTURAL PROCESSED,MANIOC (CASSAVA) STARCH,2254.0,L,ok item,STARCH,1591.0,-,-
81102000,AGRICULTURAL PROCESSED,MARGARINE*,1324.0,L,item matching typology,MARGARINE*,1324.0,-,-
75310990,AGRICULTURAL PROCESSED,MIXED VEGETABLES (F),339.0,L,ok item,VEGETABLES FROZEN,750.0,-,-
57602500,AGRICULTURAL PROCESSED,OAT FLAKES,2416.0,L,ok item,BREAKFAST CEREALS,2196.0,-,-
57602500,AGRICULTURAL PROCESSED,OAT GROATS,2536.0,L,ok item,"PROCESSED GRAINS (grouts, malt)",2133.0,-,-
57602500,AGRICULTURAL PROCESSED,OAT MEAL,2536.0,L,ok item,GRAIN FLOUR,1889.0,-,-
82104000,AGRICULTURAL PROCESSED,OLIVE OIL,14415.0,L,ok item,OIL,6792.0,-,-
82104000,AGRICULTURAL PROCESSED,OLIVE OIL REFINED,14726.0,L,ok item,OIL,6792.0,-,-
61210000,AGRICULTURAL PROCESSED,ORANGE JUICE,1019.0,L,ok item,JUICE,1019.0,-,-
82107000,AGRICULTURAL PROCESSED,PALM OIL,4971.0,L,ok item,OIL,6792.0,-,-
58146210,AGRICULTURAL PROCESSED,PASTA*,1508.0,L,item matching typology,PASTA*,1508.0,-,-
82101500,AGRICULTURAL PROCESSED,PEANUT OIL,7529.0,L,ok item,OIL,6792.0,-,-
41304000,AGRICULTURAL PROCESSED,PEAS (F),850.0,L,ok item,VEGETABLES FROZEN,750.0,-,-
81302070,AGRICULTURAL PROCESSED,PESTO,2099.0,H,better typology,PESTO,2174.0,-,-
81302070,AGRICULTURAL PROCESSED,PESTO WITHOUT GARLIC,2249.0,H,better typology,PESTO,2174.0,-,-
64124020,AGRICULTURAL PROCESSED,PINEAPPLE JUICE,1273.0,L,ok item,JUICE,1019.0,-,-
54340100,AGRICULTURAL PROCESSED,PLAIN CRACKERS**,1447.0,L,ok item,CRACKERS,1258.0,-,-
71000100,AGRICULTURAL PROCESSED,POTATO FLAKES,1044.0,L,ok item,STARCHY TUBER,1523.0,-,-
71801100,AGRICULTURAL PROCESSED,POTATO FLOUR & MEAL,1436.0,L,ok item,STARCHY ROOT FLOUR,1657.0,-,-
71000100,AGRICULTURAL PROCESSED,POTATO STARCH,1512.0,L,ok item,STARCH,1591.0,-,-
71000100,AGRICULTURAL PROCESSED,POTATOES (F),575.0,L,ok item,VEGETABLES FROZEN,750.0,-,-
91302010,AGRICULTURAL PROCESSED,QUORNE,2000.0,H,better typology,VEGETAL PROTEINS,1724.0,-,-
82107000,AGRICULTURAL PROCESSED,RAPESEED OIL,4301.0,L,ok item,OIL,6792.0,-,-
55702000,AGRICULTURAL PROCESSED,RICE FLOUR & MEAL,2429.0,L,ok item,GRAIN FLOUR,1889.0,-,-
13210410,AGRICULTURAL PROCESSED,RICE GROATS,2230.0,L,ok item,"PROCESSED GRAINS (grouts, malt)",2133.0,-,-
51420000,AGRICULTURAL PROCESSED,RYE FLOUR,1930.0,L,ok item,GRAIN FLOUR,1889.0,-,-
82107000,AGRICULTURAL PROCESSED,SESAME OIL,21793.0,L,ok item,OIL,6792.0,-,-
53803100,AGRICULTURAL PROCESSED,SIMPLE COOKIES**,1723.0,L,ok item,BISCUITS,1870.0,-,-
27115000,AGRICULTURAL PROCESSED,SOY BURGER,1053.0,L,ok item,VEGETAL PROTEINS,1724.0,-,-
11321200,AGRICULTURAL PROCESSED,SOY MILK*,2030.0,L,item matching typology,VEGETAL MILK* (soy milk),2030.0,-,-
41420110,AGRICULTURAL PROCESSED,SOY PASTE,572.0,L,ok item,DRESSING,572.0,-,-
41420300,AGRICULTURAL PROCESSED,SOY SAUCE,613.0,L,ok item,DRESSING,572.0,-,-
41420050,AGRICULTURAL PROCESSED,SOYBEAN FLOUR,2523.0,L,ok item,LEGUME FLOUR,2523.0,-,-
82107000,AGRICULTURAL PROCESSED,SOYBEAN OIL,4190.0,L,ok item,OIL,6792.0,-,-
72125100,AGRICULTURAL PROCESSED,SPINACH (F),834.0,L,ok item,VEGETABLES FROZEN,750.0,-,-
82104000,AGRICULTURAL PROCESSED,SUNFLOWER OIL,6792.0,L,ok item,OIL,6792.0,-,-
75411020,AGRICULTURAL PROCESSED,SWEET CORN (F),700.0,L,ok item,VEGETABLES FROZEN,750.0,-,-
72307000,AGRICULTURAL PROCESSED,TAPIOCA OF CASSAVA,2818.0,L,ok item,STARCHY TUBER,1523.0,-,-
58122220,AGRICULTURAL PROCESSED,TAPIOCA OF POTATOES,1436.0,L,ok item,STARCHY TUBER,1523.0,-,-
41420010,AGRICULTURAL PROCESSED,TOFU,1724.5,H,better typology,VEGETAL PROTEINS,1724.0,-,-
74101000,AGRICULTURAL PROCESSED,TOMATO & BASIL,147.0,L,ok item,TOMATO SAUCE,151.0,-,-
74701000,AGRICULTURAL PROCESSED,TOMATO ARRABBIATA,155.0,L,ok item,TOMATO SAUCE,151.0,-,-
74301100,AGRICULTURAL PROCESSED,TOMATO JUICE,267.0,L,ok item,JUICE,1019.0,-,-
74301100,AGRICULTURAL PROCESSED,TOMATO JUICE CONCENTRATED*,1069.0,L,item matching typology,JUICE CONCENTRATED* (tomato),1069.0,-,-
74203010,AGRICULTURAL PROCESSED,TOMATO PASTE,855.0,L,ok item,"TOMATO PUREE,PEELED, CHOPPED",713.0,-,-
74203010,AGRICULTURAL PROCESSED,TOMATO PEELED,267.0,L,ok item,"TOMATO PUREE,PEELED, CHOPPED",713.0,-,-
74203010,AGRICULTURAL PROCESSED,TOMATO PUREE,713.0,L,ok item,"TOMATO PUREE,PEELED, CHOPPED",713.0,-,-
53420310,AGRICULTURAL PROCESSED,WHEAT FLOUR,1849.0,L,ok item,GRAIN FLOUR,1889.0,-,-
57412000,AGRICULTURAL PROCESSED,WHEAT GLUTEN,4189.0,L,ok item,"PROCESSED GRAINS (grouts, malt)",2133.0,-,-
57412000,AGRICULTURAL PROCESSED,WHEAT PELLETS,2036.0,L,ok item,"PROCESSED GRAINS (grouts, malt)",2133.0,-,-
57412000,AGRICULTURAL PROCESSED,WHEAT STARCH,1436.0,L,ok item,STARCH,1591.0,-,-
54102060,AGRICULTURAL PROCESSED,WHOLEGRAIN CRACKERS**,617.0,L,ok item,CRACKERS,1258.0,-,-
14410620,AGRICULTURAL PROCESSED,WINE*,524.0,L,item matching typology,WINE*,524.0,-,-
75236000,AGRICULTURAL PROCESSED,YEAST COMPRESSED*,51.0,H,item matching typology,YEAST COMPRESSED*,51.0,"
",-
20000000,ANIMAL HUSBANDRY,ASS MEAT,50274.0,L,ok item,EQUINE MEAT,51779.0,-,-
14630200,ANIMAL HUSBANDRY,ASS OFFAL,3152.0,L,ok item,"OFFAL, FAT, LIVER",3152.0,-,-
22501010,ANIMAL HUSBANDRY,BACON,6116.0,L,ok item,PORK CURED MEAT,6177.0,-,-
28501010,ANIMAL HUSBANDRY,BEEF BONE FREE MEAT*,15139.0,L,item matching typology,BEEF BONE FREE MEAT*,15139.0,"
",-
28500040,ANIMAL HUSBANDRY,BEEF CURED MEAT,23799.0,L,ok item,BEEF CURED MEAT,23799.0,"
",-
27460750,ANIMAL HUSBANDRY,BEEF LIVER,7746.0,L,ok item,"OFFAL, FAT, LIVER",3152.0,-,-
27212150,ANIMAL HUSBANDRY,BEEF MEAT WITH BONE,10943.0,L,ok item,BEEF MEAT WITH BONE,10943.0,"
",-
27113100,ANIMAL HUSBANDRY,BEEF OFFAL,11155.0,L,ok item,"OFFAL, FAT, LIVER",3152.0,-,-
81100500,ANIMAL HUSBANDRY,BUTTER*,5659.0,L,item matching typology,BUTTER*,5659.0,-,-
54308000,ANIMAL HUSBANDRY,BUTTERED MILK,1599.0,L,ok item,MILK,1599.0,-,-
14010000,ANIMAL HUSBANDRY,CHEESE,5253.0,L,ok item,CHEESE,5253.0,-,-
14107200,ANIMAL HUSBANDRY,CHEESE BLUE-VEINED,5060.0,L,ok item,CHEESE,5253.0,-,-
14650100,ANIMAL HUSBANDRY,CHEESE GRATED,5060.0,L,ok item,CHEESE,5253.0,-,-
24198570,ANIMAL HUSBANDRY,CHICKEN BONE FREE MEAT,3960.0,L,ok item,POULTRY BONE FREE MEAT,4325.0,-,-
27142000,ANIMAL HUSBANDRY,CHICKEN MEAT WITH BONE*,3330.0,L,item matching typology,POULTRY MEAT WITH BONE* (chicken),3330.0,-,-
54308000,ANIMAL HUSBANDRY,COW MILK,1260.5,L,ok item,MILK,1599.0,-,-
13126000,ANIMAL HUSBANDRY,CREAM,3838.0,L,ok item,CHEESE,5253.0,-,-
22321110,ANIMAL HUSBANDRY,CURED HAM BONE FREE,9850.0,H,better typology,PORK CURED MEAT,6177.0,-,-
27120020,ANIMAL HUSBANDRY,CURED HAM WITH BONE,5798.0,L,ok item,PORK CURED MEAT,6177.0,-,-
22431000,ANIMAL HUSBANDRY,CURED PORK BONE FREE,6238.0,L,ok item,PORK CURED MEAT,6177.0,-,-
58104160,ANIMAL HUSBANDRY,CURED SHOULDERS WITH BONE,5798.0,L,ok item,PORK CURED MEAT,6177.0,-,-
28501010,ANIMAL HUSBANDRY,DUCK BONE FREE MEAT,4325.0,L,ok item,POULTRY BONE FREE MEAT,4325.0,-,-
32102000,ANIMAL HUSBANDRY,EGG YOLKS,3270.0,L,ok item,EGGS & DERIVATES,3270.0,-,-
91746150,ANIMAL HUSBANDRY,EGGS,2562.0,L,ok item,EGGS & DERIVATES,3270.0,-,-
91746150,ANIMAL HUSBANDRY,EGGS SHELLED,3632.0,L,ok item,EGGS & DERIVATES,3270.0,-,-
72125217,ANIMAL HUSBANDRY,FRESH HAM WITH BONE,5677.0,L,ok item,PORK MEAT WITH BONE,5677.0,-,-
72125217,ANIMAL HUSBANDRY,FRESH SHOULDERS WITH BONE,5677.0,L,ok item,PORK MEAT WITH BONE,5677.0,-,-
28501010,ANIMAL HUSBANDRY,GOAT BONE FREE MEAT*,4160.0,L,item matching typology,GOAT BONE FREE MEAT*,4160.0,-,-
23150100,ANIMAL HUSBANDRY,GOAT OFFAL,3152.0,L,ok item,"OFFAL, FAT, LIVER",3152.0,-,-
28501010,ANIMAL HUSBANDRY,GOOSE BONE FREE MEAT,4325.0,L,ok item,POULTRY BONE FREE MEAT,4325.0,-,-
93301510,ANIMAL HUSBANDRY,GRAN MORAVIA,2067.0,H,better typology,CHEESE,5253.0,-,-
28501010,ANIMAL HUSBANDRY,GUINEA BONE FREE MEAT,4325.0,L,ok item,POULTRY BONE FREE MEAT,4325.0,-,-
71801100,ANIMAL HUSBANDRY,HARD AND SEMI-HARD CHEESE,12139.0,H,better typology,CHEESE,5253.0,-,-
20000000,ANIMAL HUSBANDRY,HINNY MEAT,50274.0,L,ok item,EQUINE MEAT,51779.0,-,-
72125240,ANIMAL HUSBANDRY,HINNY OFFAL,3152.0,L,ok item,"OFFAL, FAT, LIVER",3152.0,-,-
20000000,ANIMAL HUSBANDRY,HORSE MEAT,50274.0,L,ok item,EQUINE MEAT,51779.0,-,-
14630200,ANIMAL HUSBANDRY,HORSE OFFAL,3152.0,L,ok item,"OFFAL, FAT, LIVER",3152.0,-,-
72119190,ANIMAL HUSBANDRY,KEPHIR,1599.0,L,ok item,MILK,1599.0,-,-
77316600,ANIMAL HUSBANDRY,LAMB BONE FREE MEAT*,10412.0,L,item matching typology,LAMB BONE FREE MEAT*,10412.0,-,-
77316600,ANIMAL HUSBANDRY,LAMB MEAT WITH BONE*,4362.0,L,item matching typology,LAMB MEAT WITH BONE*,4362.0,-,-
63129030,ANIMAL HUSBANDRY,MASCARPONE,6100.0,H,better typology,CHEESE,5253.0,-,-
20000000,ANIMAL HUSBANDRY,MEALWORMS*,4341.0,H,item matching typology,EDIBLE INSECTS* (mealworms),4341.0,-,-
11100000,ANIMAL HUSBANDRY,MILK ACID,1599.0,L,ok item,MILK,1599.0,-,-
11100000,ANIMAL HUSBANDRY,MILK CREAMY,1898.0,L,ok item,MILK,1599.0,-,-
11100000,ANIMAL HUSBANDRY,MILK POWDER,4750.0,L,ok item,MILK POWDER,4750.0,-,-
14107010,ANIMAL HUSBANDRY,MOZZARELLA,9410.0,H,better typology,CHEESE,5253.0,-,-
20000000,ANIMAL HUSBANDRY,MULE MEAT,50274.0,L,ok item,EQUINE MEAT,51779.0,-,-
27510388,ANIMAL HUSBANDRY,MULE OFFAL,3152.0,L,ok item,"OFFAL, FAT, LIVER",3152.0,-,-
41208030,ANIMAL HUSBANDRY,PARMIGIANO REGGIANO,10200.0,H,better typology,CHEESE,5253.0,-,-
22002800,ANIMAL HUSBANDRY,PORK BONE FREE MEAT*,6299.0,L,item matching typology,PORK BONE FREE MEAT*,6299.0,-,-
27120020,ANIMAL HUSBANDRY,PORK CUTS WITH BONE,5798.0,L,ok item,PORK MEAT WITH BONE,5677.0,-,-
22002800,ANIMAL HUSBANDRY,PORK FAT,4323.0,L,ok item,"OFFAL, FAT, LIVER",3152.0,-,-
22002800,ANIMAL HUSBANDRY,PORK LIVER,684.0,L,ok item,"OFFAL, FAT, LIVER",3152.0,-,-
58103120,ANIMAL HUSBANDRY,PORK MEAT WITH BONE,4361.0,L,ok item,PORK MEAT WITH BONE,5677.0,-,-
22002800,ANIMAL HUSBANDRY,PORK OFFAL,1254.0,L,ok item,"OFFAL, FAT, LIVER",3152.0,-,-
28501110,ANIMAL HUSBANDRY,POULTRY FAT,4323.0,L,ok item,"OFFAL, FAT, LIVER",3152.0,-,-
14201500,ANIMAL HUSBANDRY,RICOTTA,2470.5,L,ok item,CHEESE,5253.0,-,-
27120120,ANIMAL HUSBANDRY,SAUSAGES,15600.0,H,better typology,PORK CURED MEAT,6177.0,-,-
77316600,ANIMAL HUSBANDRY,SHEEP BONE FREE MEAT*,8705.0,L,item matching typology,SHEEP BONE FREE MEAT*,8705.0,-,-
27330170,ANIMAL HUSBANDRY,SHEEP CARCASSE WITH BONE,8310.0,L,ok item,SHEEP MEAT WITH BONE,8315.0,-,-
27330170,ANIMAL HUSBANDRY,SHEEP CUTS WITH BONE,8320.0,L,ok item,SHEEP MEAT WITH BONE,8315.0,-,-
23111010,ANIMAL HUSBANDRY,SHEEP OFFAL,3152.0,L,ok item,"OFFAL, FAT, LIVER",3152.0,-,-
72124100,ANIMAL HUSBANDRY,STRACCHINO,5600.0,H,better typology,CHEESE,5253.0,-,-
24198570,ANIMAL HUSBANDRY,TURKEY BONE FREE MEAT,4325.0,L,ok item,POULTRY BONE FREE MEAT,4325.0,-,-
14301100,ANIMAL HUSBANDRY,YOGURT FLAVORED,1659.0,H,better typology,YOGURT,1540.0,-,-
11400000,ANIMAL HUSBANDRY,YOGURT WHITE,1540.0,L,ok item,YOGURT,1540.0,-,-
11114350,ANIMAL HUSBANDRY,YOGURT WHITE LACTOSE FREE,1040.0,L,item or typology,YOGURT,1540.0,-,-
91726150,CROPS,ALMOND SHELLED,16095.0,L,ok item,NUTS SHELLED,11264.0,-,-
53215500,CROPS,ALMOND WITH SHELL,8047.0,L,ok item,NUTS WITH SHELL,4918.0,-,-
62114050,CROPS,ANISE,8280.0,L,ok item,SPICIES,8280.0,-,-
53415120,CROPS,APPLE,622.0,L,ok item,FRUIT,748.0,"FRUIT (excluded citrus, wild berries and olives)",1506
53415120,CROPS,APPLES,6847.0,L,ok item,DRIED FRUIT,2636.0,-,-
62104100,CROPS,APRICOT,1287.0,L,ok item,FRUIT,748.0,"FRUIT (excluded citrus, wild berries and olives)",1506
52403000,CROPS,ARECA NUT,11165.0,L,ok item,NUTS SHELLED,11264.0,-,-
14620110,CROPS,ARTICHOKE,818.0,L,ok item,VEGETABLES,336.0,"VEGETABLES (fruits, steems, flowers)",362
75100800,CROPS,ASPARAGUS* ,2150.0,L,ok item,VEGETABLES,336.0,ASPARAGUS*,2150
63105010,CROPS,AVOCADO,1805.0,L,ok item,FRUIT,748.0,"FRUIT (excluded citrus, wild berries and olives)",1506
52403000,CROPS,BADIAN,8280.0,L,ok item,SPICIES,8280.0,-,-
63107010,CROPS,BANANA,500.0,H,better typology,FRUIT,748.0,"FRUIT (excluded citrus, wild berries and olives)",1506
93102300,CROPS,BARLEY,1423.0,L,ok item,GRAINS,1618.0,-,-
41203030,CROPS,BEAN,5053.0,L,ok item,LEGUMES DRIED,4615.0,-,-
58105105,CROPS,BEAN (fresh),516.0,L,ok item,LEGUMES FRESH,555.5,-,-
92302500,CROPS,BLACK TEA,8856.0,L,ok item,TEA,8856.0,-,-
53303000,CROPS,BLACKBERRY,413.0,L,ok item,FRUIT,748.0,WILD BERRIES,413
53304000,CROPS,BLUEBERRY,845.0,L,ok item,FRUIT,748.0,WILD BERRIES,413
62125100,CROPS,BRASSICAS,280.0,L,ok item,SEEDS,3087.0,-,-
72201100,CROPS,BROCCOLI,325.0,H,better typology,VEGETABLES,336.0,"VEGETABLES (fruits, steems, flowers)",362
75102750,CROPS,BRUSSEL SPROUT,285.0,L,ok item,VEGETABLES,336.0,"VEGETABLES (fruits, steems, flowers)",362
23150250,CROPS,CABAGGE,280.0,L,ok item,VEGETABLES,336.0,GREEN LEAFY VEGETABLES,280
53415120,CROPS,CAHSEW APPLE,3793.0,L,ok item,FRUIT,748.0,"FRUIT (excluded citrus, wild berries and olives)",1506
52403000,CROPS,CAHSEW NUT,14218.0,L,ok item,NUTS SHELLED,11264.0,-,-
13210300,CROPS,CARDAMOM,34319.0,L,ok item,SPICIES,8280.0,-,-
73105010,CROPS,CARROT,195.0,L,ok item,VEGETABLES,336.0,ROOTS & BULBS,272
75107000,CROPS,CAULIFLOWER,285.0,L,ok item,VEGETABLES,336.0,"VEGETABLES (fruits, steems, flowers)",362
91721000,CROPS,CHERRY SOUR,1411.0,L,ok item,FRUIT,748.0,"FRUIT (excluded citrus, wild berries and olives)",1506
53410500,CROPS,CHERRY SWEET,1604.0,L,ok item,FRUIT,748.0,"FRUIT (excluded citrus, wild berries and olives)",1506
14010000,CROPS,CHESTNUT,2750.0,L,ok item,NUTS WITH SHELL,4918.0,-,-
41205070,CROPS,CHICKPEA,4177.0,L,ok item,LEGUMES DRIED,4615.0,-,-
14104200,CROPS,CHILLY,7365.0,L,ok item,SPICIES,8280.0,-,-
75214027,CROPS,CHILLY FRESH,379.0,L,ok item,VEGETABLES,336.0,"VEGETABLES (fruits, steems, flowers)",362
91104100,CROPS,CINNAMON,15526.0,L,ok item,SPICIES,8280.0,-,-
92432000,CROPS,CITRUS,457.0,L,ok item,FRUIT,748.0,CITRUS FRUIT,654
61100600,CROPS,CLEMENTINE,748.0,L,ok item,FRUIT,748.0,CITRUS FRUIT,654
91703070,CROPS,CLOVE,61205.0,L,ok item,SPICIES,8280.0,-,-
82101500,CROPS,COCONUT,1971.0,L,ok item,FRUIT,748.0,"FRUIT (excluded citrus, wild berries and olives)",1506
82101500,CROPS,COCONUTS,2093.0,L,ok item,DRIED FRUIT,2636.0,-,-
12200100,CROPS,COFFEE BEAN,19928.0,L,ok item,COFFEE (GREEN),17912.0,-,-
12200100,CROPS,COFFEE GREEN,15897.0,L,ok item,COFFEE (GREEN),17912.0,-,-
75109550,CROPS,CORIANDER,8280.0,L,ok item,SPICIES,8280.0,-,-
53410800,CROPS,COWPEA,6906.0,L,ok item,LEGUMES DRIED,4615.0,-,-
57143500,CROPS,CRANBERRY,276.0,L,ok item,FRUIT,748.0,WILD BERRIES,413
75111000,CROPS,CUCUMBER,353.0,L,ok item,VEGETABLES,336.0,"VEGETABLES (fruits, steems, flowers)",362
62108100,CROPS,CURRANT,499.0,L,ok item,FRUIT,748.0,WILD BERRIES,413
62101050,CROPS,DATES,2840.0,L,ok item,DRIED FRUIT,2636.0,-,-
75111200,CROPS,EGGPLANT,362.0,L,ok item,VEGETABLES,336.0,"VEGETABLES (fruits, steems, flowers)",362
41203030,CROPS,FABA BEAN,2018.0,L,ok item,LEGUMES DRIED,4615.0,-,-
43104000,CROPS,FENNEL SEEDS,8280.0,L,ok item,SPICIES,8280.0,-,-
63119010,CROPS,FIG,3350.0,L,ok item,FRUIT,748.0,"FRUIT (excluded citrus, wild berries and olives)",1506
75111500,CROPS,GARLIC,589.0,L,ok item,VEGETABLES,336.0,ROOTS & BULBS,272
75111500,CROPS,GARLIC POWDER,2265.0,L,ok item,SPICIES,8280.0,-,-
92410610,CROPS,GINGER,1657.0,L,ok item,SPICIES,8280.0,-,-
53303500,CROPS,GOOSEBERRY,526.0,L,ok item,FRUIT,748.0,WILD BERRIES,413
63123000,CROPS,GRAPES,608.0,L,ok item,FRUIT,748.0,"FRUIT (excluded citrus, wild berries and olives)",1506
92303010,CROPS,GREEN TEA,8856.0,L,ok item,TEA,8856.0,-,-
63125010,CROPS,GUAVA,1800.0,L,ok item,FRUIT,748.0,"FRUIT (excluded citrus, wild berries and olives)",1506
42110000,CROPS,HAZELNUT SHELLED,10515.0,L,ok item,NUTS SHELLED,11264.0,-,-
91713040,CROPS,HAZELNUT WITH SHELL,5258.0,L,ok item,NUTS WITH SHELL,4918.0,-,-
43103000,CROPS,HEMPSEED,3685.0,L,ok item,SEEDS,3087.0,-,-
13120740,CROPS,HOP CONE,4065.0,L,ok item,SPICIES,8280.0,-,-
75236500,CROPS,HOP EXTRACT,16259.0,L,ok item,SPICIES,8280.0,-,-
63126500,CROPS,KIWI,514.0,L,ok item,FRUIT,748.0,"FRUIT (excluded citrus, wild berries and olives)",1506
52403000,CROPS,KOLA NUT,23391.0,L,ok item,NUTS SHELLED,11264.0,-,-
61113010,CROPS,LEMON,642.0,L,ok item,FRUIT,748.0,CITRUS FRUIT,654
41603010,CROPS,LENTIL,5874.0,L,ok item,LEGUMES DRIED,4615.0,-,-
75113080,CROPS,LETTUCE,237.0,L,ok item,VEGETABLES,336.0,GREEN LEAFY VEGETABLES,280
61116010,CROPS,LIME,642.0,L,ok item,FRUIT,748.0,CITRUS FRUIT,654
43104000,CROPS,LINSEED,5168.0,L,ok item,SEEDS,3087.0,-,-
75440600,CROPS,LONGABERRY,413.0,L,ok item,FRUIT,748.0,WILD BERRIES,413
41420100,CROPS,MACE,34319.0,L,ok item,SPICIES,8280.0,-,-
75411020,CROPS,MAIZE,1191.0,L,ok item,GRAINS,1618.0,-,-
75216153,CROPS,MAIZE GREEN,700.0,L,ok item,VEGETABLES,336.0,"VEGETABLES (fruits, steems, flowers)",362
61122330,CROPS,MANDARIN,748.0,L,ok item,FRUIT,748.0,CITRUS FRUIT,654
62114050,CROPS,MANGO,1855.0,L,ok item,FRUIT,748.0,"FRUIT (excluded citrus, wild berries and olives)",1506
62114050,CROPS,MANGOSTEEN,1800.0,L,ok item,FRUIT,748.0,"FRUIT (excluded citrus, wild berries and olives)",1506
63129030,CROPS,MANIOC,564.0,L,ok item,STARCHY TUBERS,555.0,-,-
56202000,CROPS,MILLET,4478.0,L,ok item,GRAINS,1618.0,-,-
42110000,CROPS,MIXED NUTS,9063.0,L,ok item,NUTS SHELLED,11264.0,-,-
53440300,CROPS,MULBERRY,413.0,L,ok item,FRUIT,748.0,WILD BERRIES,413
75506010,CROPS,MUSTARD SEED,2809.0,L,ok item,SEEDS,3087.0,-,-
64401000,CROPS,NUTMEG,34319.0,L,ok item,SPICIES,8280.0,-,-
57000100,CROPS,OAT,1788.0,L,ok item,GRAINS,1618.0,-,-
75507000,CROPS,OKRA,576.0,L,ok item,VEGETABLES,336.0,"VEGETABLES (fruits, steems, flowers)",362
75510000,CROPS,OLIVES*,3015.0,L,item matching typology,FRUIT,748.0,OLIVES*,3015
75608100,CROPS,ONION,290.0,L,ok item,VEGETABLES,336.0,ROOTS & BULBS,272
61210000,CROPS,ORANGE,654.0,L,ok item,FRUIT,748.0,CITRUS FRUIT,654
52403000,CROPS,PALM NUT,2868.0,L,ok item,FRUIT,748.0,"FRUIT (excluded citrus, wild berries and olives)",1506
63133010,CROPS,PAPAYA,460.0,L,ok item,FRUIT,748.0,"FRUIT (excluded citrus, wild berries and olives)",1506
41602030,CROPS,PEA,1979.0,L,ok item,LEGUMES DRIED,4615.0,-,-
75231021,CROPS,PEA (fresh),595.0,L,ok item,LEGUMES FRESH,555.5,-,-
64205010,CROPS,PEACH,910.0,L,ok item,FRUIT,748.0,"FRUIT (excluded citrus, wild berries and olives)",1506
42204050,CROPS,PEANUT,2782.0,L,ok item,NUTS WITH SHELL,4918.0,-,-
64215010,CROPS,PEAR,922.0,L,ok item,FRUIT,748.0,"FRUIT (excluded citrus, wild berries and olives)",1506
27416150,CROPS,PEPPER,379.0,L,ok item,VEGETABLES,336.0,"VEGETABLES (fruits, steems, flowers)",362
27416150,CROPS,PEPPER (PIPER SPP.),7611.0,L,ok item,SPICIES,8280.0,-,-
91707010,CROPS,PEPPERMINT,288.0,L,ok item,SPICIES,8280.0,-,-
41602030,CROPS,PIGEON PEA,5494.0,L,ok item,LEGUMES DRIED,4615.0,-,-
62120100,CROPS,PINEAPPLE,255.0,L,ok item,FRUIT,748.0,"FRUIT (excluded citrus, wild berries and olives)",1506
42114130,CROPS,PISTACHIO,11363.0,L,ok item,NUTS SHELLED,11264.0,-,-
71905000,CROPS,PLANTAIN,1602.0,L,ok item,FRUIT,748.0,"FRUIT (excluded citrus, wild berries and olives)",1506
63143010,CROPS,PLUM,2180.0,L,ok item,FRUIT,748.0,"FRUIT (excluded citrus, wild berries and olives)",1506
43103300,CROPS,POPPY SEED,2188.0,L,ok item,SEEDS,3087.0,-,-
71000100,CROPS,POTATO,554.8,H,better typology,STARCHY TUBERS,555.0,-,-
53347000,CROPS,PUMPKIN,400.0,H,better typology,VEGETABLES,336.0,"VEGETABLES (fruits, steems, flowers)",362
62125100,CROPS,RAISINS,2433.0,L,ok item,DRIED FRUIT,2636.0,-,-
43103000,CROPS,RAPESEED,2271.0,L,ok item,SEEDS,3087.0,-,-
53310050,CROPS,RASPBERRY,413.0,L,ok item,FRUIT,748.0,WILD BERRIES,413
13210410,CROPS,RICE,1597.0,L,ok item,GRAINS,1618.0,-,-
51420000,CROPS,RYE,1554.0,L,ok item,GRAINS,1618.0,-,-
91102010,CROPS,SAFFRON,731000.0,L,ok item,SPICIES,8280.0,-,-
43103300,CROPS,SESAME SEED,9371.0,L,ok item,SEEDS,3087.0,-,-
91703400,CROPS,SHALLOT,272.0,L,ok item,VEGETABLES,336.0,ROOTS & BULBS,272
28355440,CROPS,SORGHUM,3048.0,L,ok item,GRAINS,1618.0,-,-
41420050,CROPS,SOYBEAN,1816.4,L,better typology,LEGUMES DRIED,4615.0,-,-
72125100,CROPS,SPINACH,292.0,L,ok item,VEGETABLES,336.0,GREEN LEAFY VEGETABLES,280
53347600,CROPS,SQUASH,336.0,L,ok item,VEGETABLES,336.0,"VEGETABLES (fruits, steems, flowers)",362
53348000,CROPS,STRAWBERRY,247.9,L,better sub-typology,FRUIT,748.0,WILD BERRIES,413
75302080,CROPS,STRING BEAN,547.0,L,ok item,VEGETABLES,336.0,"VEGETABLES (fruits, steems, flowers)",362
91102010,CROPS,SUGAR BEET,132.0,L,ok item,SUGAR CROPS,171.0,-,-
91104100,CROPS,SUGAR CANE,210.0,L,ok item,SUGAR CROPS,171.0,-,-
43102400,CROPS,SUNFLOWER SEED,3366.0,L,ok item,SEEDS,3087.0,-,-
53360000,CROPS,SWEET POTATO,383.0,L,ok item,STARCHY TUBERS,555.0,-,-
62114050,CROPS,TANGERIN,748.0,L,ok item,FRUIT,748.0,CITRUS FRUIT,654
71962040,CROPS,TARO,606.0,L,ok item,STARCHY TUBERS,555.0,-,-
74701000,CROPS,TOMATO,41.0,L,ok item,VEGETABLES,336.0,"VEGETABLES (fruits, steems, flowers)",362
74206000,CROPS,TOMATO DRIED*,4276.0,L,item matching typology,VEGETABLES DRIED* (tomato),4276.0,-,-
75129000,CROPS,TURNIP,195.0,L,ok item,VEGETABLES,336.0,ROOTS & BULBS,272
41203030,CROPS,VANILLA BEAN,126505.0,L,ok item,SPICIES,8280.0,-,-
42114145,CROPS,WALNUT SHELLED,9172.5,L,ok item,NUTS SHELLED,11264.0,-,-
91713040,CROPS,WALNUT WITH SHELL,4918.0,L,ok item,NUTS WITH SHELL,4918.0,-,-
63149010,CROPS,WATERMELON,185.0,L,ok item,FRUIT,748.0,"FRUIT (excluded citrus, wild berries and olives)",1506
57412000,CROPS,WHEAT,1639.0,L,ok item,GRAINS,1618.0,-,-
71945010,CROPS,YAM,343.0,L,ok item,STARCHY TUBERS,555.0,-,-
75128010,CROPS,ZUCCHINI,336.0,L,ok item,VEGETABLES,336.0,"VEGETABLES (fruits, steems, flowers)",362
41203030,FISHING,BLACK CARP,2555.0,L,ok item,FISH,2313.0,-,-
26105160,FISHING,CARP,2364.0,L,ok item,FISH,2313.0,-,-
26109170,FISHING,COD,2782.0,L,ok item,FISH,2313.0,-,-
13210300,FISHING,CRUSTACEAN,1974.0,L,ok item,SHELLFISH* (crustacean),1856.0,CRUSTACEAN*,1856
26115160,FISHING,FLOUNDER,798.0,L,ok item,FISH,2313.0,-,-
26315130,FISHING,GILSTHEAD SEABREAM,3543.5,L,ok item,FISH,2313.0,-,-
26105160,FISHING,GRASS CARP,2229.0,L,ok item,FISH,2313.0,-,-
26141160,FISHING,GROUPER,360.0,L,ok item,FISH,2313.0,-,-
51000200,FISHING,MAJOR CARP,3808.0,L,ok item,FISH,2313.0,-,-
58101555,FISHING,MANDARIN FISH,88.0,L,ok item,FISH,2313.0,-,-
26119110,FISHING,MILKFISH,2471.5,L,ok item,FISH,2313.0,-,-
42111030,FISHING,PANGASIID,1909.5,L,ok item,FISH,2313.0,-,-
21602100,FISHING,PRAWNS GIANT,1738.0,L,ok item,SHELLFISH* (crustacean),1856.0,CRUSTACEAN*,1856
75122200,FISHING,RED DRUM,2202.0,L,ok item,FISH,2313.0,-,-
27450310,FISHING,SALMON,2193.0,L,ok item,FISH,2313.0,-,-
43103000,FISHING,SEABASS,6524.0,L,ok item,FISH,2313.0,-,-
91715100,FISHING,SILVERBARB,2861.5,L,ok item,FISH,2313.0,-,-
26211100,FISHING,STURGEON,13420.0,L,ok item,FISH,2313.0,-,-
26158050,FISHING,TILAPIA,2263.0,L,ok item,FISH,2313.0,-,-
26137100,FISHING,TROUT,2188.0,L,ok item,FISH,2313.0,-,-
26115160,FISHING,TURBOT,1504.0,L,ok item,FISH,2313.0,-,-
26105160,FISHING,WUCHANG BREAM,10550.0,L,ok item,FISH,2313.0,-,-
